Workbook

Sheet CLIN Summary
A1: Frasier Digital, LLC — Price Proposal (Volume III, Factor 4)
A2: Solicitation PANHEC-26-P-0000-026407 — CWMS Database Authorization Maintenance and Improvements
A3: Firm-Fixed-Price per task CLIN · Period of performance 360 days from award · Options per RFO 52.217-7
A5: CLIN | B5: Task | C5: Description | D5: Qty | E5: Unit | F5: Price
A6: 1001 | B6: Task 1a | C6: Development meetings (26) | D6: 1 | E6: Job | F6: ='Hours by Task'!L4
A7: 2001 | B7: Task 2 | C7: Improve authorization web UI and CDA integration | D7: 1 | E7: Job | F7: ='Hours by Task'!L5
A8: 3001 | B8: Task 3a | C8: Implement authorization in CWBI-Dev | D8: 1 | E8: Job | F8: ='Hours by Task'!L6
A9: 5001 | B9: Task 5a | C9: Maintenance (≤803 h) | D9: 1 | E9: Job | F9: ='Hours by Task'!L7
A10: 1002 | B10: Task 1b | C10: Development meetings, additional 26 (option) | D10: 1 | E10: Job | F10: ='Hours by Task'!L8
A11: 3002 | B11: Task 3b | C11: Implement authorization in CWBI-Test (option) | D11: 1 | E11: Job | F11: ='Hours by Task'!L9
A12: 4001 | B12: Task 4 | C12: Load testing (option) | D12: 1 | E12: Job | F12: ='Hours by Task'!L10
A13: 5002 | B13: Task 5b | C13: Maintenance (≤704 h) (option) | D13: 1 | E13: Job | F13: ='Hours by Task'!L11
C14: Base tasks subtotal (CLINs 1001, 2001, 3001, 5001) | F14: =F6+F7+F8+F9
C15: Option tasks subtotal (CLINs 1002, 3002, 4001, 5002) | F15: =F10+F11+F12+F13
C16: GRAND TOTAL — base and all options | F16: =F14+F15

Sheet Labor Rates
A1: Frasier Digital, LLC — Fully Burdened Labor Rates
A2: Solicitation PANHEC-26-P-0000-026407 — CWMS Database Authorization Maintenance and Improvements
A4: Person | B4: Labor category | C4: Key personnel | D4: Fully burdened rate ($/hr)
A5: J. Frasier | B5: Project Manager | C5: Yes | D5: 165
A6: S. Carpenter | B6: System Engineer / Architect | C6: Yes | D6: 145
A7: R. Daley | B7: Senior Forms (React/TypeScript) Developer | C7: Yes | D7: 145
A8: R. Chong | B8: Senior Java Developer / Senior Oracle DBA (dual role) | C8: Yes | D8: 145
A9: A. Frasier | B9: Associate Software Engineer | C9: No | D9: 90
A10: S. Chesky | B10: Associate Software Engineer | C10: No | D10: 90

Sheet Hours by Task
A1: Level of Effort — hours per person per task (identical to Volume I, Factor 1, Table A-2)
A3: CLIN | B3: Task | C3: Description | D3: Option | E3: J. Frasier | F3: S. Carpenter | G3: R. Daley | H3: R. Chong | I3: A. Frasier | J3: S. Chesky | K3: Total hours | L3: Task price
A4: 1001 | B4: Task 1a | C4: Development meetings (26) | D4: No | E4: 78 | F4: 12 | G4: 12 | H4: 20 | I4: 0 | J4: 8 | K4: =SUM(E4:J4) | L4: =E4*'Labor Rates'!$D$5+F4*'Labor Rates'!$D$6+G4*'Labor Rates'!$D$7+H4*'Labor Rates'!$D$8+I4*'Labor Rates'!$D$9+J4*'Labor Rates'!$D$10
A5: 2001 | B5: Task 2 | C5: Improve authorization web UI and CDA integration | D5: No | E5: 50 | F5: 0 | G5: 220 | H5: 180 | I5: 100 | J5: 0 | K5: =SUM(E5:J5) | L5: =E5*'Labor Rates'!$D$5+F5*'Labor Rates'!$D$6+G5*'Labor Rates'!$D$7+H5*'Labor Rates'!$D$8+I5*'Labor Rates'!$D$9+J5*'Labor Rates'!$D$10
A6: 3001 | B6: Task 3a | C6: Implement authorization in CWBI-Dev | D6: No | E6: 40 | F6: 120 | G6: 0 | H6: 40 | I6: 0 | J6: 0 | K6: =SUM(E6:J6) | L6: =E6*'Labor Rates'!$D$5+F6*'Labor Rates'!$D$6+G6*'Labor Rates'!$D$7+H6*'Labor Rates'!$D$8+I6*'Labor Rates'!$D$9+J6*'Labor Rates'!$D$10
A7: 5001 | B7: Task 5a | C7: Maintenance (≤803 h) | D7: No | E7: 70 | F7: 0 | G7: 100 | H7: 210 | I7: 0 | J7: 400 | K7: =SUM(E7:J7) | L7: =E7*'Labor Rates'!$D$5+F7*'Labor Rates'!$D$6+G7*'Labor Rates'!$D$7+H7*'Labor Rates'!$D$8+I7*'Labor Rates'!$D$9+J7*'Labor Rates'!$D$10
A8: 1002 | B8: Task 1b | C8: Development meetings, additional 26 (option) | D8: Yes | E8: 78 | F8: 12 | G8: 12 | H8: 20 | I8: 0 | J8: 8 | K8: =SUM(E8:J8) | L8: =E8*'Labor Rates'!$D$5+F8*'Labor Rates'!$D$6+G8*'Labor Rates'!$D$7+H8*'Labor Rates'!$D$8+I8*'Labor Rates'!$D$9+J8*'Labor Rates'!$D$10
A9: 3002 | B9: Task 3b | C9: Implement authorization in CWBI-Test (option) | D9: Yes | E9: 20 | F9: 80 | G9: 0 | H9: 20 | I9: 0 | J9: 0 | K9: =SUM(E9:J9) | L9: =E9*'Labor Rates'!$D$5+F9*'Labor Rates'!$D$6+G9*'Labor Rates'!$D$7+H9*'Labor Rates'!$D$8+I9*'Labor Rates'!$D$9+J9*'Labor Rates'!$D$10
A10: 4001 | B10: Task 4 | C10: Load testing (option) | D10: Yes | E10: 20 | F10: 60 | G10: 0 | H10: 60 | I10: 0 | J10: 40 | K10: =SUM(E10:J10) | L10: =E10*'Labor Rates'!$D$5+F10*'Labor Rates'!$D$6+G10*'Labor Rates'!$D$7+H10*'Labor Rates'!$D$8+I10*'Labor Rates'!$D$9+J10*'Labor Rates'!$D$10
A11: 5002 | B11: Task 5b | C11: Maintenance (≤704 h) (option) | D11: Yes | E11: 60 | F11: 0 | G11: 90 | H11: 180 | I11: 0 | J11: 350 | K11: =SUM(E11:J11) | L11: =E11*'Labor Rates'!$D$5+F11*'Labor Rates'!$D$6+G11*'Labor Rates'!$D$7+H11*'Labor Rates'!$D$8+I11*'Labor Rates'!$D$9+J11*'Labor Rates'!$D$10
C12: Total — base and all options | E12: =SUM(E4:E11) | F12: =SUM(F4:F11) | G12: =SUM(G4:G11) | H12: =SUM(H4:H11) | I12: =SUM(I4:I11) | J12: =SUM(J4:J11) | K12: =SUM(K4:K11) | L12: =SUM(L4:L11)
